<?xml version="1.0" encoding="UTF-8"?>
<project-private xmlns="http://www.netbeans.org/ns/project-private/1">
    <editor-bookmarks xmlns="http://www.netbeans.org/ns/editor-bookmarks/2" lastBookmarkId="0"/>
    <open-files xmlns="http://www.netbeans.org/ns/projectui-open-files/2">
        <group>
            <file>file:/C:/Users/Eugenia%20Tataru/Desktop/iTEC_2014/iTEC/iTEC/src/itec/MyTables.java</file>
            <file>file:/C:/Users/Eugenia%20Tataru/Desktop/iTEC_2014/iTEC/iTEC/src/itec/MainForm.java</file>
            <file>file:/C:/Users/Eugenia%20Tataru/Desktop/iTEC_2014/iTEC/iTEC/src/itec/AddItems.java</file>
            <file>file:/C:/Users/Eugenia%20Tataru/Desktop/iTEC_2014/iTEC/iTEC/src/itec/WriteXls.java</file>
        </group>
    </open-files>
</project-private>
